description,units,Years,Total
coal,thousand megawatthours,2001,1903956
coal,thousand megawatthours,2002,1933130
coal,thousand megawatthours,2003,1973737
coal,thousand megawatthours,2004,1978301
coal,thousand megawatthours,2005,2012873
coal,thousand megawatthours,2006,1990511
coal,thousand megawatthours,2007,2016456
coal,thousand megawatthours,2008,1985801
coal,thousand megawatthours,2009,1755904
coal,thousand megawatthours,2010,1847290
coal,thousand megawatthours,2011,1733430
coal,thousand megawatthours,2012,1514043
coal,thousand megawatthours,2013,1581115
coal,thousand megawatthours,2014,1581710
coal,thousand megawatthours,2015,1352398
coal,thousand megawatthours,2016,1239149
coal,thousand megawatthours,2017,1205835
coal,thousand megawatthours,2018,1149487
coal,thousand megawatthours,2019,964957
coal,thousand megawatthours,2020,773393
coal,thousand megawatthours,2021,897885
petroleum liquids,thousand megawatthours,2001,114647
petroleum liquids,thousand megawatthours,2002,78701
petroleum liquids,thousand megawatthours,2003,102734
petroleum liquids,thousand megawatthours,2004,100391
petroleum liquids,thousand megawatthours,2005,99840
petroleum liquids,thousand megawatthours,2006,44460
petroleum liquids,thousand megawatthours,2007,49505
petroleum liquids,thousand megawatthours,2008,31917
petroleum liquids,thousand megawatthours,2009,25972
petroleum liquids,thousand megawatthours,2010,23337
petroleum liquids,thousand megawatthours,2011,16086
petroleum liquids,thousand megawatthours,2012,13403
petroleum liquids,thousand megawatthours,2013,13820
petroleum liquids,thousand megawatthours,2014,18276
petroleum liquids,thousand megawatthours,2015,17372
petroleum liquids,thousand megawatthours,2016,13008
petroleum liquids,thousand megawatthours,2017,12414
petroleum liquids,thousand megawatthours,2018,16245
petroleum liquids,thousand megawatthours,2019,11522
petroleum liquids,thousand megawatthours,2020,9662
petroleum liquids,thousand megawatthours,2021,11665
petroleum coke,thousand megawatthours,2001,10233
petroleum coke,thousand megawatthours,2002,15867
petroleum coke,thousand megawatthours,2003,16672
petroleum coke,thousand megawatthours,2004,20754
petroleum coke,thousand megawatthours,2005,22385
petroleum coke,thousand megawatthours,2006,19706
petroleum coke,thousand megawatthours,2007,16234
petroleum coke,thousand megawatthours,2008,14325
petroleum coke,thousand megawatthours,2009,12964
petroleum coke,thousand megawatthours,2010,13724
petroleum coke,thousand megawatthours,2011,14096
petroleum coke,thousand megawatthours,2012,9787
petroleum coke,thousand megawatthours,2013,13344
petroleum coke,thousand megawatthours,2014,11955
petroleum coke,thousand megawatthours,2015,10877
petroleum coke,thousand megawatthours,2016,11197
petroleum coke,thousand megawatthours,2017,8976
petroleum coke,thousand megawatthours,2018,8981
petroleum coke,thousand megawatthours,2019,6819
petroleum coke,thousand megawatthours,2020,7679
petroleum coke,thousand megawatthours,2021,7511
natural gas,thousand megawatthours,2001,639129
natural gas,thousand megawatthours,2002,691006
natural gas,thousand megawatthours,2003,649908
natural gas,thousand megawatthours,2004,710100
natural gas,thousand megawatthours,2005,760960
natural gas,thousand megawatthours,2006,816441
natural gas,thousand megawatthours,2007,896590
natural gas,thousand megawatthours,2008,882981
natural gas,thousand megawatthours,2009,920979
natural gas,thousand megawatthours,2010,987697
natural gas,thousand megawatthours,2011,1013689
natural gas,thousand megawatthours,2012,1225894
natural gas,thousand megawatthours,2013,1124836
natural gas,thousand megawatthours,2014,1126635
natural gas,thousand megawatthours,2015,1334668
natural gas,thousand megawatthours,2016,1379271
natural gas,thousand megawatthours,2017,1297703
natural gas,thousand megawatthours,2018,1471843
natural gas,thousand megawatthours,2019,1588533
natural gas,thousand megawatthours,2020,1626790
natural gas,thousand megawatthours,2021,1579361
other gases,thousand megawatthours,2001,9039
other gases,thousand megawatthours,2002,11463
other gases,thousand megawatthours,2003,15600
other gases,thousand megawatthours,2004,15252
other gases,thousand megawatthours,2005,13464
other gases,thousand megawatthours,2006,14177
other gases,thousand megawatthours,2007,13453
other gases,thousand megawatthours,2008,11707
other gases,thousand megawatthours,2009,10632
other gases,thousand megawatthours,2010,11313
other gases,thousand megawatthours,2011,11566
other gases,thousand megawatthours,2012,11898
other gases,thousand megawatthours,2013,12853
other gases,thousand megawatthours,2014,12022
other gases,thousand megawatthours,2015,13117
other gases,thousand megawatthours,2016,12807
other gases,thousand megawatthours,2017,12469
other gases,thousand megawatthours,2018,13463
other gases,thousand megawatthours,2019,12591
other gases,thousand megawatthours,2020,11818
other gases,thousand megawatthours,2021,11397
nuclear,thousand megawatthours,2001,768826
nuclear,thousand megawatthours,2002,780064
nuclear,thousand megawatthours,2003,763733
nuclear,thousand megawatthours,2004,788528
nuclear,thousand megawatthours,2005,781986
nuclear,thousand megawatthours,2006,787219
nuclear,thousand megawatthours,2007,806425
nuclear,thousand megawatthours,2008,806208
nuclear,thousand megawatthours,2009,798855
nuclear,thousand megawatthours,2010,806968
nuclear,thousand megawatthours,2011,790204
nuclear,thousand megawatthours,2012,769331
nuclear,thousand megawatthours,2013,789016
nuclear,thousand megawatthours,2014,797166
nuclear,thousand megawatthours,2015,797178
nuclear,thousand megawatthours,2016,805694
nuclear,thousand megawatthours,2017,804950
nuclear,thousand megawatthours,2018,807084
nuclear,thousand megawatthours,2019,809409
nuclear,thousand megawatthours,2020,789879
nuclear,thousand megawatthours,2021,778188
conventional hydroelectric,thousand megawatthours,2001,216961
conventional hydroelectric,thousand megawatthours,2002,264329
conventional hydroelectric,thousand megawatthours,2003,275806
conventional hydroelectric,thousand megawatthours,2004,268417
conventional hydroelectric,thousand megawatthours,2005,270321
conventional hydroelectric,thousand megawatthours,2006,289246
conventional hydroelectric,thousand megawatthours,2007,247510
conventional hydroelectric,thousand megawatthours,2008,254831
conventional hydroelectric,thousand megawatthours,2009,273445
conventional hydroelectric,thousand megawatthours,2010,260203
conventional hydroelectric,thousand megawatthours,2011,319355
conventional hydroelectric,thousand megawatthours,2012,276240
conventional hydroelectric,thousand megawatthours,2013,268565
conventional hydroelectric,thousand megawatthours,2014,259367
conventional hydroelectric,thousand megawatthours,2015,249080
conventional hydroelectric,thousand megawatthours,2016,267812
conventional hydroelectric,thousand megawatthours,2017,300333
conventional hydroelectric,thousand megawatthours,2018,292524
conventional hydroelectric,thousand megawatthours,2019,287874
conventional hydroelectric,thousand megawatthours,2020,285274
conventional hydroelectric,thousand megawatthours,2021,251585
other renewables,thousand megawatthours,2001,70769
other renewables,thousand megawatthours,2002,79109
other renewables,thousand megawatthours,2003,79487
other renewables,thousand megawatthours,2004,83067
other renewables,thousand megawatthours,2005,87329
other renewables,thousand megawatthours,2006,96525
other renewables,thousand megawatthours,2007,105238
other renewables,thousand megawatthours,2008,126101
other renewables,thousand megawatthours,2009,144279
other renewables,thousand megawatthours,2010,167173
other renewables,thousand megawatthours,2011,193981
other renewables,thousand megawatthours,2012,218333
other renewables,thousand megawatthours,2013,253508
other renewables,thousand megawatthours,2014,279213
other renewables,thousand megawatthours,2015,295161
other renewables,thousand megawatthours,2016,341633
other renewables,thousand megawatthours,2017,386250
other renewables,thousand megawatthours,2018,414292
other renewables,thousand megawatthours,2019,440799
other renewables,thousand megawatthours,2020,497738
other renewables,thousand megawatthours,2021,563682
other sources,thousand megawatthours,2001,11906
other sources,thousand megawatthours,2002,13527
other sources,thousand megawatthours,2003,14045
other sources,thousand megawatthours,2004,14232
other sources,thousand megawatthours,2005,12821
other sources,thousand megawatthours,2006,12974
other sources,thousand megawatthours,2007,12231
other sources,thousand megawatthours,2008,11804
other sources,thousand megawatthours,2009,11928
other sources,thousand megawatthours,2010,12855
other sources,thousand megawatthours,2011,14154
other sources,thousand megawatthours,2012,13787
other sources,thousand megawatthours,2013,13588
other sources,thousand megawatthours,2014,13393
other sources,thousand megawatthours,2015,13955
other sources,thousand megawatthours,2016,13689
other sources,thousand megawatthours,2017,13008
other sources,thousand megawatthours,2018,12973
other sources,thousand megawatthours,2019,13331
other sources,thousand megawatthours,2020,12855
other sources,thousand megawatthours,2021,12140